{
    "name": "jgallery",
    "title": "jGallery - FREE jQuery photo gallery and slider with albums and preloader",
    "description": "FREE jQuery photo gallery and slider with albums, preloader and 3D transitions effect. Unlimited scalability, compatible with all major browsers, retina friendly. Released under the MIT license.",
    "version": "1.2.0",
    "keywords": ["jgallery", "albums", "gallery", "preloader", "free", "transitions", "slider", "lightbox", "zoom"],
    "author": {
        "name": "Jakub Kowalczyk",
        "url": "http://jgallery.jakubkowalczyk.pl/",
        "email": "info@jakubkowalczyk.pl"
    },
    "licenses": [
        {
            "type": "MIT",
            "url": "http://jgallery.jakubkowalczyk.pl/#license"
        }
    ],
    "bugs": "https://github.com/jakubkowalczyk-pl/jgallery/issues",
    "homepage": "http://jgallery.jakubkowalczyk.pl/",
    "docs": "http://jgallery.jakubkowalczyk.pl/#usage",
    "demo": "http://jgallery.jakubkowalczyk.pl/customize-full-screen",
    "dependencies": {
        "jquery": ">=1.7.0",
        "font-awesome": "=3.x",
        "tinycolor": ">=0.9.16"
    }
}